"suitcategory","suit","name","type","id"
"莉莉斯王国","神域筝灵","神域筝灵","连衣裙",016
"莉莉斯王国","神域筝灵","翘筝·金","发型",029
"莉莉斯王国","神域筝灵","筝迹·白","鞋子",040
"云端帝国","霞赤图","绮霞","发型",208
"节日盛典","月宫蟾兔","寒月","饰品",759
"十二月剧团","黑天鹅","欲望天鹅","妆容",012
"苹果联邦","牛仔风情","牛仔风情","外套",037
"苹果联邦","森女与麋鹿","暖茸·华丽","外套",042
"苹果联邦","巧克力女仆","香草奶昔·珍稀","袜子",042
"云端帝国","上海烟云梦","海上花·珍稀","袜子",045
"信鸽王国","水母公主","荧珑·华丽","外套",048
"云端帝国","鬼姬彼岸花","彼岸花·珍稀","外套",052
"云端帝国","蝴蝶兰翩翩·粉","粉翼·珍稀","外套",045
"云端帝国","绿烟拂柳","绿烟林微","连衣裙",061
"云端帝国","绿烟拂柳","拂绿·华丽","鞋子",062
"云端帝国","绿烟拂柳","莺语·华丽","饰品",067
"苹果联邦","牛仔风情","开拓·华丽","鞋子",068
"苹果联邦","荒原的花","荒原珠·珍稀","发型",070
"苹果联邦","巧克力女仆","巧克力女仆","连衣裙",070
"苹果联邦","巧克力女仆","甜心巧克力·珍稀","鞋子",071
"云端帝国","上海烟云梦","花落海·珍稀","鞋子",075
"云端帝国","上海烟云梦","上海烟云梦","连衣裙",075
"苹果联邦","牛仔风情","牛仔耳环·华丽","饰品",076
"苹果联邦","牛仔风情","西部精神·华丽","上衣",077
"苹果联邦","牛仔风情","牛仔帽·华丽","饰品",078
"苹果联邦","森女与麋鹿","森女与麋鹿","连衣裙",079
"苹果联邦","性感不良","狂野·珍稀","发型",121
"苹果联邦","牛仔风情","牛仔围巾·华丽","饰品",080
"苹果联邦","巧克力女仆","女仆头巾箍","饰品",083
"苹果联邦","巧克力女仆","女仆颈圈","饰品",086
"苹果联邦","牛仔风情","无畏·华丽","下装",087
"苹果联邦","巧克力女仆","女仆袖口","饰品",089
"云端帝国","枫千叶女忍","枫忍·珍稀","鞋子",091
"云端帝国","蝴蝶兰翩翩·粉","蝶兰抹胸·珍稀","上衣",088
"云端帝国","鬼姬彼岸花","火照·珍稀","鞋子",094
"云端帝国","上海烟云梦","花满·珍稀","饰品",096
"信鸽王国","水母公主","泡沫·华丽","袜子",096
"云端帝国","蝴蝶兰翩翩·粉","梦兰·珍稀","鞋子",085
"莉莉斯王国","小红帽奇遇记","红马甲·珍稀","上衣",098
"云端帝国","上海烟云梦","花开·珍稀","饰品",099
"云端帝国","枫千叶女忍","枫晚·珍稀","袜子",099
"云端帝国","蝴蝶兰翩翩·粉","蝴蝶兰·珍稀","下装",096
"云端帝国","上海烟云梦","海上珠·珍稀","饰品",102
"云端帝国","蝴蝶兰翩翩·粉","兰情·珍稀","袜子",093
"莉莉斯王国","小红帽奇遇记","红围裙·珍稀","下装",105
"云端帝国","上海烟云梦","海上珠链·珍稀","饰品",105
"云端帝国","绿烟拂柳","杨柳·华丽","发型",106
"莉莉斯王国","小红帽奇遇记","童话故事·珍稀","袜子",107
"莉莉斯王国","小红帽奇遇记","红皮鞋·珍稀","鞋子",108
"苹果联邦","牛仔风情","西部少女·华丽","发型",112
"苹果联邦","巧克力女仆","芝士蛋糕·珍稀","发型",115
"云端帝国","上海烟云梦","满城·珍稀","发型",119
"苹果联邦","森女与麋鹿","麋鹿小帽·华丽","饰品",123
"信鸽王国","水母公主","水母公主","连衣裙",125
"云端帝国","枫千叶女忍","枫千叶女忍","连衣裙",129
"信鸽王国","水母公主","水沐·华丽","发型",130
"云端帝国","鬼姬彼岸花","鬼姬冥花·珍稀","连衣裙",132
"信鸽王国","水母公主","霞母·华丽","饰品",136
"云端帝国","枫千叶女忍","千枫·珍稀","发型",135
"信鸽王国","水母公主","蔚海·华丽","饰品",137
"信鸽王国","水母公主","浪带·华丽","饰品",138
"云端帝国","鬼姬彼岸花","鬼姬·珍稀","发型",138
"云端帝国","枫千叶女忍","红枫缎·珍稀","饰品",144
"云端帝国","蝴蝶兰翩翩·粉","蝴蝶·珍稀","发型",127
"云端帝国","鬼姬彼岸花","沙华·珍稀","饰品",147
"莉莉斯王国","小红帽奇遇记","小红帽·珍稀","发型",150
"云端帝国","蝴蝶兰翩翩·粉","兰佩·珍稀","饰品",131
"云端帝国","上海烟云梦","繁华梦·珍稀","外套",202
"十二月剧团","黑天鹅","黑色欲望","袜子",203
"信鸽王国","光明精灵","精灵腿环·珍稀","袜子",216
"莉莉斯王国","绒绒垂耳兔","兔子的最爱·华丽","袜子",218
"云端帝国","塔罗牌师","塔罗·珍稀","袜子",223
"信鸽王国","光明精灵","仙雾森林·珍稀","外套",224
"云端帝国","山茶春色","茶花纱缎·华丽","外套",227
"莉莉斯王国","糖果娃娃","甜度·珍稀","袜子",230
"信鸽王国","夜系名媛","小名媛·珍稀","外套",232
"云端帝国","塔罗牌师","星河纱巾·珍稀","外套",216
"苹果联邦","森女羊","绵羊外套·华丽","外套",219
"信鸽王国","刺客信念","刺客·华丽","袜子",237
"信鸽王国","怪盗蓝宝石","钻影披风·华丽","外套",217
"苹果联邦","魔力星","灰白高筒袜","袜子",244
"莉莉斯王国","小红帽奇遇记","红斗篷·珍稀","饰品",165
"苹果联邦","鹿灵枝","田园流苏·珍稀","外套",253
"苹果联邦","魔力星","纱网·珍稀","外套",257
"莉莉斯王国","奇迹之心","爱心条纹袜·华丽","袜子",262
"云端帝国","塔罗牌师","塔罗下装·珍稀","下装",335
"十二月剧团","黑天鹅","黑天鹅","连衣裙",342
"信鸽王国","怪盗蓝宝石","怪盗下装·华丽","下装",336
"云端帝国","侠客行","侠客行","上衣",347
"苹果联邦","魔力星","前沿少女·珍稀","下装",355
"云端帝国","听竹轩","听竹轩·珍稀","下装",358
"云端帝国","塔罗牌师","塔罗上衣·珍稀","上衣",355
"信鸽王国","怪盗蓝宝石","怪盗上衣·华丽","上衣",356
"莉莉斯王国","奇迹之心","梦想奇迹·华丽","下装",373
"苹果联邦","魔力星","魔力·珍稀","上衣",384
"云端帝国","听竹轩","竹枝词·珍稀","上衣",387
"莉莉斯王国","奇迹之心","奇迹之心·华丽","上衣",406
"信鸽王国","安娜小姐","安娜小姐·珍稀","连衣裙",409
"云端帝国","姹紫嫣红","姹紫嫣红·珍稀","连衣裙",412
"云端帝国","山茶春色","山茶春色·华丽","连衣裙",414
"信鸽王国","光明精灵","光明精灵·珍稀","连衣裙",417
"莉莉斯王国","绒绒垂耳兔","绒绒挂脖裙·华丽","连衣裙",420
"信鸽王国","夜系名媛","夜系名媛·珍稀","连衣裙",434
"苹果联邦","森女羊","森女羊·珍稀","连衣裙",400
"十二月剧团","黑天鹅","欲望黑钻","饰品",447
"十二月剧团","黑天鹅","黑天鹅耳环","饰品",446
"十二月剧团","黑天鹅","黑钻手链","饰品",448
"十二月剧团","黑天鹅","黑天鹅之冠","饰品",445
"莉莉斯王国","糖果娃娃","糖果娃娃·珍稀","连衣裙",481
"十二月剧团","黑天鹅","放纵舞步","鞋子",481
"信鸽王国","祈祷之音","祈祷之音·珍稀","连衣裙",484
"信鸽王国","刺客信念","刺客信念·华丽","连衣裙",490
"十二月剧团","黑天鹅","自由舞者","发型",494
"云端帝国","侠客行","少年游·华丽","发型",505
"信鸽王国","安娜小姐","粉娃娃·珍稀","鞋子",513
"苹果联邦","鹿灵枝","鹿灵枝·珍稀","连衣裙",516
"云端帝国","姹紫嫣红","嫣红履·珍稀","鞋子",516
"云端帝国","山茶春色","盼春·华丽","鞋子",518
"莉莉斯王国","绒绒垂耳兔","兔公主·华丽","鞋子",520
"信鸽王国","假面盛宴","假面盛宴·珍稀","连衣裙",521
"信鸽王国","夜系名媛","暗金扣·珍稀","鞋子",528
"苹果联邦","森女羊","绵羊小皮靴·华丽","鞋子",503
"信鸽王国","安娜小姐","小安娜·珍稀","发型",531
"信鸽王国","怪盗蓝宝石","怪盗皮靴·华丽","鞋子",502
"云端帝国","姹紫嫣红","容颜·珍稀","发型",534
"云端帝国","山茶春色","玉蝉·华丽","发型",536
"莉莉斯王国","糖果娃娃","果糖·珍稀","鞋子",536
"信鸽王国","光明精灵","精灵长发·珍稀","发型",539
"信鸽王国","祈祷之音","祈音·珍稀","鞋子",539
"莉莉斯王国","绒绒垂耳兔","垂耳兔·华丽","发型",542
"信鸽王国","刺客信念","刀光倩影·华丽","鞋子",545
"信鸽王国","夜系名媛","佩恩·珍稀","发型",549
"信鸽王国","安娜小姐","粉蔷薇帽·珍稀","饰品",551
"云端帝国","塔罗牌师","塔罗女郎·珍稀","发型",519
"信鸽王国","安娜小姐","轻粉颈饰·珍稀","饰品",554
"苹果联邦","森女羊","羊角少女·华丽","发型",521
"信鸽王国","安娜小姐","轻粉手套·珍稀","饰品",557
"信鸽王国","怪盗蓝宝石","怪盗蓝宝石","发型",520
"云端帝国","姹紫嫣红","紫色头纱·珍稀","饰品",560
"苹果联邦","鹿灵枝","流苏短靴·珍稀","鞋子",561
"云端帝国","山茶春色","山茶钗·华丽","饰品",563
"云端帝国","鸣鹤之应","鸣鹤之应·珍稀","连衣裙",564
"苹果联邦","魔力星","高帮松糕鞋·珍稀","鞋子",566
"莉莉斯王国","糖果娃娃","金发娃娃·珍稀","发型",572
"信鸽王国","假面盛宴","华舞·珍稀","鞋子",569
"信鸽王国","光明精灵","光明手杖·华丽","饰品",574
"信鸽王国","祈祷之音","圣修女·珍稀","发型",575
"云端帝国","听竹轩","竹径·珍稀","鞋子",573
"莉莉斯王国","绒绒垂耳兔","毛绒兔耳·华丽","饰品",579
"莉莉斯王国","绒绒垂耳兔","胡萝卜包·华丽","饰品",580
"莉莉斯王国","绒绒垂耳兔","绒绒手袖·华丽","饰品",581
"信鸽王国","刺客信念","娜塔莎·华丽","发型",582
"信鸽王国","夜系名媛","黑礼帽·珍稀","饰品",607
"莉莉斯王国","奇迹之心","舞动梦想·华丽","鞋子",608
"苹果联邦","鹿灵枝","柔蔓·珍稀","发型",609
"信鸽王国","夜系名媛","黑珍珠·珍稀","饰品",610
"云端帝国","塔罗牌师","神秘珠链·珍稀","饰品",528
"苹果联邦","森女羊","羊毛暖帽·华丽","饰品",534
"信鸽王国","怪盗蓝宝石","预告函·华丽","饰品",530
"信鸽王国","怪盗蓝宝石","蓝宝石礼帽·华丽","饰品",531
"信鸽王国","怪盗蓝宝石","怪盗面具·华丽","饰品",532
"苹果联邦","魔力星","星云·珍稀","发型",620
"信鸽王国","假面盛宴","盛宴之夜","发型",623
"云端帝国","听竹轩","竹君·珍稀","发型",627
"莉莉斯王国","糖果娃娃","棒棒糖","饰品",647
"莉莉斯王国","糖果娃娃","糖果发饰·珍稀","饰品",648
"莉莉斯王国","糖果娃娃","糖果手饰·珍稀","饰品",649
"信鸽王国","祈祷之音","修女头饰·珍稀","饰品",653
"信鸽王国","刺客信念","刺客腰饰·华丽","饰品",667
"莉莉斯王国","奇迹之心","青春偶像·华丽","发型",666
"信鸽王国","刺客信念","利刃·华丽","饰品",668
"信鸽王国","刺客信念","刺客手套·华丽","饰品",669
"云端帝国","鸣鹤之应","云中仙鹤·珍稀","发型",670
"苹果联邦","鹿灵枝","花环发带·华丽","饰品",707
"苹果联邦","鹿灵枝","柳絮手环·华丽","饰品",709
"苹果联邦","鹿灵枝","花枝项链·华丽","饰品",711
"苹果联邦","鹿灵枝","鹿茸包·华丽","饰品",713
"苹果联邦","魔力星","条纹棒球帽","饰品",734
"信鸽王国","假面盛宴","缎带结·珍稀","饰品",740
"云端帝国","听竹轩","竹语·珍稀","饰品",746
"莉莉斯王国","奇迹之心","偶像手套·华丽","饰品",842
"莉莉斯王国","奇迹之心","梦想之音·华丽","饰品",843
"莉莉斯王国","奇迹之心","爱心颈圈·华丽","饰品",844
"莉莉斯王国","奇迹之心","爱心蛋糕帽","饰品",845
"云端帝国","鸣鹤之应","丹顶鹤冠·华丽","饰品",854
"云端帝国","鸣鹤之应","骖鹤驭凤·华丽","饰品",855
"云端帝国","鸣鹤之应","凤鸣鹤唳·华丽","饰品",856
"废墟孤岛","未来时空","未来时空","连衣裙",485
"北地王国","枫叶温度","枫叶温度·红","连衣裙",487
"信鸽王国","夜魄千魅","夜魄千魅","连衣裙",517
"荒原共和国","部落图腾","大地图腾","连衣裙",518
"苹果联邦","青春旋律","学士服","连衣裙",520
"节日盛典","月宫蟾兔","月宫蟾兔·朱红","连衣裙",544
"信鸽王国","百合花精","精灵语","鞋子",054
"云端帝国","梨院琳琅","醉梦","鞋子",066
"苹果联邦","熊猫梦乡","熊猫睡衣·拖鞋","鞋子",076
"苹果联邦","性感不良","战火·黑","鞋子",078
"梦恋奇迹","美梦成真","花嫁","鞋子",080
"十二月剧团","星之海","星之海舞鞋","鞋子",082
"莉莉斯王国","哥特萝莉","黑夜哥特","鞋子",084
"云端帝国","小龙女","白锦履","鞋子",087
"十二月剧团","罗密欧","战士","鞋子",099
"云端帝国","幽兰赋","兰猗","鞋子",103
"云端帝国","玲珑清心","玲珑·拖鞋","鞋子",112
"苹果联邦","兔女郎","兔女郎高跟鞋","鞋子",348
"苹果联邦","美食外卖员","田园披萨","鞋子",351
"苹果联邦","荒原的花","荒原凉鞋","鞋子",394
"苹果联邦","最美特工","超级特工·鞋","鞋子",395
"云端帝国","霞赤图","绮霞景","鞋子",396
"苹果联邦","条纹绅士","布洛克绅士","鞋子",500
"废墟孤岛","未来时空","金属领空","鞋子",540
"信鸽王国","百合花精","百合瓣","下装",065
"信鸽王国","夜魄千魅","魅翅","鞋子",562
"北地王国","陆军少校","过膝军靴","鞋子",563
"荒原共和国","部落图腾","绑带皮靴","鞋子",564
"苹果联邦","熊猫梦乡","熊猫睡衣·裤子","下装",091
"苹果联邦","性感不良","性感不良·热裤","下装",093
"莉莉斯王国","哥特萝莉","夜的面具","下装",094
"云端帝国","人间四月天","民国少女","下装",102
"云端帝国","玲珑清心","玲珑·下装","下装",107
"苹果联邦","黑白名媛","金叶淑女","鞋子",603
"苹果联邦","甜甜糕点师","甜蜜夹心","下装",135
"苹果联邦","美食外卖员","美食外卖员·裙","下装",147
"苹果联邦","摇滚歌手","摇滚歌手","下装",157
"苹果联邦","最美特工","超级特工·裤","下装",247
"云端帝国","西域舞娘","舞娘纱裙","下装",259
"云端帝国","侠客行","布帛绑袜","下装",327
"北地王国","北地英姿","北地英姿·裤","下装",333
"苹果联邦","条纹绅士","条纹绅士·长裤","下装",334
"苹果联邦","时空偶像","时空穿越","下装",338
"云端帝国","游鲤图","游鲤图·下装","下装",348
"北地王国","陆军少校","棕色军装裤","下装",353
"苹果联邦","黑白名媛","夜色如歌","下装",371
"苹果联邦","性感不良","叛逆","外套",040
"十二月剧团","罗密欧","蒙太古公子","外套",057
"苹果联邦","神圣医者","温柔医生","外套",076
"苹果联邦","摇滚歌手","硬式咆哮","外套",135
"苹果联邦","最美特工","特别行动","外套",149
"北地王国","北地英姿","迷彩外套","外套",211
"云端帝国","韶颜倾城","流霞缎","外套",213
"苹果联邦","条纹绅士","条纹绅士·外套","外套",215
"北地王国","枫叶温度","枫叶大衣","外套",243
"北地王国","陆军少校","陆军少校","外套",254
"荒原共和国","部落图腾","部落精神","外套",256
"信鸽王国","百合花精","精灵·金","发型",043
"云端帝国","梨院琳琅","音符·黑","发型",109
"梦恋奇迹","美梦成真","月缘","发型",123
"十二月剧团","星之海","舞之星","发型",125
"莉莉斯王国","哥特萝莉","哥特萝莉","发型",126
"云端帝国","小龙女","小龙女","发型",131
"云端帝国","人间四月天","人间四月天","发型",144
"云端帝国","幽兰赋","淑兰","发型",146
"云端帝国","西域舞娘","西域舞娘","发型",154
"苹果联邦","美食外卖员","鲜柚","发型",165
"节日盛典","月宫蟾兔","今夕月","妆容",025
"节日盛典","夕夜迢迢","相思迢迢","妆容",022
"信鸽王国","精灵鹿后","出尘精灵","妆容",020
"云端帝国","韶颜倾城","花钿妆·蕊","妆容",016
"十二月剧团","白天鹅","纯洁天鹅","妆容",013
"苹果联邦","时空偶像","校园梦想","饰品",538
"信鸽王国","光明精灵","精灵头饰","饰品",570
"信鸽王国","光明精灵","精灵颈饰","饰品",572
"节日盛典","桃花歌","桃花香囊","饰品",596
"节日盛典","桃花歌","桃花伞","饰品",597
"节日盛典","夕夜迢迢","衔钗雀","饰品",598
"节日盛典","夕夜迢迢","翡翠环","饰品",600
"苹果联邦","熊猫梦乡","熊猫睡衣·睡帽","饰品",110
"梦恋奇迹","美梦成真","梦纱","饰品",117
"十二月剧团","白天鹅","纯洁舞者","发型",495
"节日盛典","香罗端午","香粽少女","发型",497
"云端帝国","玲珑清心","玲珑清心","发型",501
"云端帝国","墨兰卷","墨兰画卷","发型",508
"北地王国","北地英姿","北地女郎","发型",511
"云端帝国","韶颜倾城","黛瑶","发型",514
"苹果联邦","时空偶像","邻班女生","发型",523
"信鸽王国","精灵鹿后","高贵鹿后","发型",528
"节日盛典","桃花歌","桃花小妹","发型",544
"节日盛典","夕夜迢迢","夕夜","发型",545
"云端帝国","狐妖小红娘","小狐妖","发型",546
"废墟孤岛","未来时空","废墟少女","发型",576
"北地王国","枫叶温度","恒温·棕","发型",578
"云端帝国","游鲤图","游鲤","发型",580
"信鸽王国","夜魄千魅","千丝蝠影","发型",610
"北地王国","陆军少校","冰原勇士","发型",612
"荒原共和国","部落图腾","部落少女·亚麻","发型",614
"苹果联邦","青春旋律","青春旋律·轻粉","发型",617
"节日盛典","月宫蟾兔","丹心白发","发型",633
"苹果联邦","黑白名媛","金箔珠宝","发型",660
"废墟孤岛","未来时空","时空发卡","饰品",655
"废墟孤岛","未来时空","时空颈圈","饰品",656
"废墟孤岛","未来时空","时空手套","饰品",657
"北地王国","枫叶温度","枫叶头箍","饰品",661
"北地王国","枫叶温度","冰雪枫叶","饰品",662
"云端帝国","游鲤图","锦鲤包","饰品",663
"信鸽王国","夜魄千魅","蝙惑","饰品",714
"信鸽王国","夜魄千魅","夜魄链","饰品",715
"信鸽王国","夜魄千魅","夜魄王冠","饰品",716
"北地王国","陆军少校","陆军宽檐帽","饰品",720
"北地王国","陆军少校","长款皮手套","饰品",722
"荒原共和国","部落图腾","荒漠","饰品",726
"荒原共和国","部落图腾","野性颈圈","饰品",727
"荒原共和国","部落图腾","部落臂环","饰品",728
"荒原共和国","部落图腾","结绳记事","饰品",729
"荒原共和国","部落图腾","荒原挎包","饰品",730
"苹果联邦","青春旋律","毕业卷轴","饰品",732
"十二月剧团","黑天鹅","黑天鹅之羽·梦","饰品",449
"十二月剧团","白天鹅","白雪钻链","饰品",450
"十二月剧团","白天鹅","白天鹅耳钻","饰品",451
"十二月剧团","白天鹅","雪钻手链","饰品",452
"十二月剧团","白天鹅","白天鹅之冠","饰品",453
"十二月剧团","白天鹅","白天鹅之羽·梦","饰品",454
"节日盛典","香罗端午","荷叶结","饰品",460
"节日盛典","香罗端午","香罗粽","饰品",461
"节日盛典","香罗端午","艾叶手环","饰品",462
"云端帝国","玲珑清心","玲珑手环","饰品",472
"云端帝国","玲珑清心","玲珑戏蝶","饰品",473
"莉莉斯王国","哥特萝莉","魔花","袜子",055
"信鸽王国","精灵鹿后","精灵鹿角","饰品",548
"信鸽王国","光明精灵","精灵耳饰","饰品",568
"节日盛典","夕夜迢迢","翠玉镯","饰品",599
"苹果联邦","甜甜糕点师","甜食","袜子",132
"十二月剧团","罗密欧","名门公子","袜子",173
"十二月剧团","白天鹅","雪白胴体","袜子",204
"节日盛典","香罗端午","香罗袜","袜子",205
"苹果联邦","时空偶像","吊带短袜","袜子",213
"废墟孤岛","未来时空","科灵","袜子",231
"北地王国","枫叶温度","麻花袜·黑","袜子",233
"苹果联邦","魔力星","圆形墨镜","饰品",736
"苹果联邦","魔力星","十字吊坠","饰品",737
"节日盛典","月宫蟾兔","广寒坠","饰品",753
"节日盛典","月宫蟾兔","广寒精灵·白","饰品",754
"节日盛典","月宫蟾兔","捣轻尘","饰品",757
"节日盛典","月宫蟾兔","广寒佩","饰品",758
"苹果联邦","黑白名媛","夜蔷薇","饰品",822
"苹果联邦","黑白名媛","淑女复古帽","饰品",823
"苹果联邦","水墨青花","青花项链","饰品",525
"苹果联邦","水墨青花","青花发箍","饰品",524
"云端帝国","韶颜倾城","落蕊珠","饰品",520
"云端帝国","韶颜倾城","莺蕊","饰品",518
"云端帝国","韶颜倾城","韵花枝","饰品",517
"北地王国","北地英姿","迷彩手套","饰品",505
"北地王国","北地英姿","迷彩帽","饰品",504
"云端帝国","墨兰卷","墨兰扇","饰品",486
"云端帝国","侠客行","麒麟剑","饰品",483
"云端帝国","侠客行","面窗纱","饰品",482
"云端帝国","侠客行","浅露","饰品",481
"云端帝国","霞赤图","霞色锦囊","饰品",278
"云端帝国","霞赤图","霞赤折扇","饰品",276
"苹果联邦","荒原的花","荒原拎包","饰品",273
"苹果联邦","荒原的花","荒原头饰","饰品",271
"信鸽王国","百合花精","百合花精","上衣",059
"苹果联邦","熊猫梦乡","熊猫睡衣·上装","上衣",080
"莉莉斯王国","哥特萝莉","夜墟","上衣",082
"云端帝国","人间四月天","民国校服","上衣",095
"云端帝国","玲珑清心","玲珑·上衣","上衣",100
"苹果联邦","美食外卖员","美食外卖员·衣","上衣",126
"苹果联邦","摇滚歌手","铆钉抹胸","上衣",137
"苹果联邦","美食外卖员","小围裙","饰品",205
"苹果联邦","兔女郎","兔女郎头饰","饰品",202
"苹果联邦","最美特工","超级特工·衣","上衣",243
"云端帝国","西域舞娘","舞娘头纱","饰品",172
"十二月剧团","罗密欧","玫瑰花","饰品",158
"北地王国","北地英姿","北地英姿·衣","上衣",353
"苹果联邦","条纹绅士","丝绸衬衫","上衣",354
"苹果联邦","时空偶像","校园风演出服","上衣",358
"莉莉斯王国","哥特萝莉","魔花手饰","饰品",130
"莉莉斯王国","哥特萝莉","魔花颈圈","饰品",129
"云端帝国","游鲤图","游鲤图·上衣","上衣",377
"北地王国","陆军少校","陆军背心","上衣",382
"莉莉斯王国","哥特萝莉","黑色花雕","饰品",128
"十二月剧团","星之海","星海手套","饰品",127
"十二月剧团","星之海","星海链","饰品",126
"苹果联邦","黑白名媛","黑白名媛","上衣",404
"信鸽王国","百合花精","花灵手套","饰品",055
"信鸽王国","百合花精","百合灵石","饰品",054
"信鸽王国","百合花精","百合腰饰","饰品",053
"信鸽王国","百合花精","百合手环","饰品",052
"信鸽王国","百合花精","翅影披风","饰品",051
"信鸽王国","百合花精","百合宝石","饰品",050
"节日盛典","月宫蟾兔","月宫·落霞","鞋子",578
"苹果联邦","青春旋律","致年少","鞋子",565
"苹果联邦","白衣天使","白衣天使","连衣裙",063
"云端帝国","梨院琳琅","梨院琳琅","连衣裙",066
"梦恋奇迹","美梦成真","美梦成真","连衣裙",077
"十二月剧团","星之海","星之海","连衣裙",080
"云端帝国","小龙女","古墓谪仙","连衣裙",126
"云端帝国","幽兰赋","幽兰曲裾","连衣裙",137
"苹果联邦","兔女郎","兔女郎","连衣裙",165
"云端帝国","游鲤图","鲤趣","鞋子",543
"北地王国","枫叶温度","枫海","鞋子",542
"苹果联邦","荒原的花","荒原的花","连衣裙",246
"云端帝国","霞赤图","霞赤图","连衣裙",247
"十二月剧团","罗密欧","贵公子","连衣裙",256
"节日盛典","夕夜迢迢","翡翠璧","鞋子",524
"节日盛典","桃花歌","桃花履","鞋子",523
"十二月剧团","白天鹅","白天鹅","连衣裙",343
"节日盛典","香罗端午","香罗端午","连衣裙",344
"信鸽王国","精灵鹿后","鹿枝","鞋子",510
"苹果联邦","时空偶像","雀跃","鞋子",505
"云端帝国","墨兰卷","墨兰卷","连衣裙",392
"云端帝国","韶颜倾城","韶颜倾城","连衣裙",397
"苹果联邦","水墨青花","水墨青花","连衣裙",399
"信鸽王国","精灵鹿后","精灵鹿后","连衣裙",406
"节日盛典","桃花歌","桃花歌","连衣裙",429
"节日盛典","夕夜迢迢","夕夜迢迢","连衣裙",430
"苹果联邦","水墨青花","青花礼鞋","鞋子",499
"云端帝国","韶颜倾城","绣锦履","鞋子",497
"北地王国","北地英姿","北地英姿·靴","鞋子",495
"云端帝国","墨兰卷","兰痕","鞋子",491
"云端帝国","侠客行","墨鞍靴","鞋子",488
"节日盛典","香罗端午","荷叶履","鞋子",484
"十二月剧团","白天鹅","雪羽舞步","鞋子",482
